{
  "class_names": [
    "AluminumCan",
    "Battery",
    "Cardboard",
    "ChargerCable",
    "Earphones",
    "FoamContainer",
    "FoodWaste",
    "GlassBottle",
    "LightBulb",
    "Paper",
    "PesticideContainer",
    "Phone",
    "PlasticBottle",
    "PlasticCup",
    "PowerBank",
    "SnackWrapper",
    "SprayCan",
    "Straw",
    "TissuePaper",
    "YardWaste",
    "Toothbrush"
  ],
  "thresholds": {
    "aluminumcan": 0.0008585739997215569,
    "battery": 0.9824485778808594,
    "cardboard": 0.2220476120710373,
    "chargercable": 0.6452193260192871,
    "earphones": 0.6465441584587097,
    "foamcontainer": 0.030074333772063255,
    "foodwaste": 0.9924474954605103,
    "glassbottle": 0.002133300295099616,
    "lightbulb": 0.7132185697555542,
    "paper": 0.9243801236152649,
    "pesticidecontainer": 0.8587112426757812,
    "phone": 0.7350502610206604,
    "plasticbottle": 0.0025158212520182133,
    "plasticcup": 0.06088152527809143,
    "powerbank": 0.6610492467880249,
    "snackwrapper": 0.03841503709554672,
    "spraycan": 0.6853346228599548,
    "straw": 0.993216872215271,
    "tissuepaper": 0.5452970862388611,
    "yardwaste": 0.008649596944451332,
    "toothbrush": 0.03777146339416504
  }
}